<?xml version="1.0" encoding="UTF-8"?>
<project-private xmlns="http://www.netbeans.org/ns/project-private/1">
    <editor-bookmarks xmlns="http://www.netbeans.org/ns/editor-bookmarks/2" lastBookmarkId="0"/>
    <open-files xmlns="http://www.netbeans.org/ns/projectui-open-files/2">
        <group>
            <file>file:/D:/Citra%20Fatika/project_citra/LoginAndSignUp/src/loginandsignup/SignUp.java</file>
            <file>file:/D:/Citra%20Fatika/project_citra/LoginAndSignUp/src/Home.java</file>
            <file>file:/D:/Citra%20Fatika/project_citra/LoginAndSignUp/src/loginandsignup/Login.java</file>
            <file>file:/D:/Citra%20Fatika/project_citra/LoginAndSignUp/src/loginandsignup/Done.java</file>
            <file>file:/D:/Citra%20Fatika/project_citra/LoginAndSignUp/src/loginandsignup/paymentTransaction.java</file>
        </group>
    </open-files>
</project-private>
